enseigne;magasin;date;besoin;article;marque;contenance;unite;au_poids;prix_chf;prix_action_chf;action_du;action_au;carte;bio;suisse;preuve;releve_par
;;;penne-500g;;;;;;;;;;;;;;
;;;tomates-concassees-400g;;;;;;;;;;;;;;
;;;farine-blanche-1kg;;;;;;;;;;;;;;
;;;sucre-cristal-1kg;;;;;;;;;;;;;;
;;;bananes-1kg;;;;;;;;;;;;;;
;;;pommes-gala-1kg;;;;;;;;;;;;;;
;;;huile-colza-1l;;;;;;;;;;;;;;
;;;beurre-cuisine-250g;;;;;;;;;;;;;;
;;;gruyere-aop-250g;;;;;;;;;;;;;;
;;;lait-entier-uht-1l;;;;;;;;;;;;;;
;;;yogourt-nature-180g;;;;;;;;;;;;;;
;;;carottes-1kg;;;;;;;;;;;;;;
;;;oignons-1kg;;;;;;;;;;;;;;
;;;oeufs-sol-6;;;;;;;;;;;;;;
;;;pain-mi-blanc-500g;;;;;;;;;;;;;;
;;;riz-long-1kg;;;;;;;;;;;;;;
;;;spaghetti-500g;;;;;;;;;;;;;;
;;;pdt-fermes-2500g;;;;;;;;;;;;;;
;;;pois-chiches-400g;;;;;;;;;;;;;;
;;;thon-huile-240g;;;;;;;;;;;;;;
;;;sel-cuisine-1kg;;;;;;;;;;;;;;
;;;citrons-500g;;;;;;;;;;;;;;
;;;oranges-2kg;;;;;;;;;;;;;;
;;;poires-1kg;;;;;;;;;;;;;;
;;;huile-olive-1l;;;;;;;;;;;;;;
;;;huile-tournesol-1l;;;;;;;;;;;;;;
;;;beurre-choix-200g;;;;;;;;;;;;;;
;;;creme-entiere-250ml;;;;;;;;;;;;;;
;;;emmentaler-aop-250g;;;;;;;;;;;;;;
;;;lait-demi-uht-1l;;;;;;;;;;;;;;
;;;mozzarella-150g;;;;;;;;;;;;;;
;;;sere-maigre-500g;;;;;;;;;;;;;;
;;;concombre-1;;;;;;;;;;;;;;
;;;courgettes-500g;;;;;;;;;;;;;;
;;;poivrons-500g;;;;;;;;;;;;;;
;;;salade-iceberg-1;;;;;;;;;;;;;;
;;;tomates-grappe-500g;;;;;;;;;;;;;;
;;;oeufs-plein-air-6;;;;;;;;;;;;;;
;;;pain-complet-500g;;;;;;;;;;;;;;
;;;flocons-avoine-500g;;;;;;;;;;;;;;
;;;polenta-500g;;;;;;;;;;;;;;
;;;cafe-moulu-500g;;;;;;;;;;;;;;
;;;confiture-fraises-500g;;;;;;;;;;;;;;
;;;pdt-farineuses-2500g;;;;;;;;;;;;;;
;;;jambon-cuit-150g;;;;;;;;;;;;;;
;;;poulet-poitrine-500g;;;;;;;;;;;;;;
;;;boeuf-hache-500g;;;;;;;;;;;;;;
;;;farine-mi-blanche-1kg;;;;;;;;;;;;;;
;;;vinaigre-vin-1l;;;;;;;;;;;;;;
;;;lentilles-500g;;;;;;;;;;;;;;
